INSERT INTO orders (client, restaurant_id, date) VALUES
(1, 1, '2024-05-01 12:00:00'),
(2, 1, '2024-05-02 13:30:00'),
(3, 1, '2024-05-03 14:45:00'),
(4, 1, '2024-05-04 18:20:00'),
(5, 1, '2024-05-05 19:15:00'),
(6, 1, '2024-05-06 11:00:00'),
(7, 1, '2024-05-07 14:30:00'),
(8, 1, '2024-05-08 12:45:00'),
(9, 1, '2024-05-09 17:20:00'),
(10, 1, '2024-05-10 19:15:00'),
(11, 1, '2024-05-11 20:00:00'),
(12, 1, '2024-05-12 12:30:00'),
(13, 1, '2024-05-13 14:00:00'),
(14, 1, '2024-05-14 16:45:00'),
(15, 1, '2024-05-15 18:30:00');
(46, 1, '2024-05-15 20:00:00'),
(47, 1, '2024-05-16 12:30:00'),
(48, 1, '2024-05-17 14:00:00'),
(49, 1, '2024-05-18 16:45:00'),
(50, 1, '2024-05-19 18:30:00');

INSERT INTO order_details (order_id, menu_item_id, quantity, special_requests, price) VALUES
(1, 1, 1, 'Extra sauce on the side', 8.00),
(2, 3, 2, 'No onions', 14.00),
(3, 2, 1, 'Extra spice', 7.00),
(4, 4, 1, NULL, 6.00),
(5, 6, 3, 'Extra crispy', 24.00),
(6, 6, 1, 'Extra sauce', 9.00),
(7, 7, 2, 'No hummus', 15.00),
(8, 8, 1, 'Extra granola', 7.00),
(9, 9, 1, 'No yogurt', 7.00),
(10, 10, 1, 'Extra lobster', 11.00),
(11, 11, 1, NULL, 8.00),
(12, 12, 2, 'No truffle oil', 16.00),
(13, 1, 1, 'Extra sauce', 9.00),
(14, 2, 1, 'No onions', 8.00),
(15, 3, 1, 'Extra spice', 7.00);
(16, 8, 1, 'No mayo', 6.00),
(17, 9, 2, 'Extra granola', 12.00),
(18, 10, 1, 'Extra lobster', 10.00),
(19, 11, 1, NULL, 7.00),
(20, 12, 1, 'Extra truffle oil', 8.00);

INSERT INTO reviews (order_id, rating, message) VALUES
(1, 5, 'Absolutely delicious! Will order again.'),
(2, 4, 'Great taste, but delivery was a bit slow.'),
(3, 5, 'Fantastic food, exceeded my expectations.'),
(4, 3, 'Food was good, but portion size could be larger.'),
(5, 5, 'Amazing flavors, perfect for a special occasion.'),
(6, 4, 'Tasty food, but could be a bit spicier.'),
(7, 5, 'Excellent service and delicious food!'),
(8, 4, 'Enjoyed the meal, but portion size was a bit small.'),
(9, 5, 'Delicious yogurt parfait, highly recommended!'),
(10, 4, 'Lobster roll was good, but a bit pricey.'),
(11, 5, 'Fantastic truffle fries! Will order again.'),
(12, 3, 'Summer rolls were average, expected more flavor.'),
(13, 5, 'Korean BBQ Lettuce Wraps were amazing!'),
(14, 4, 'Great taste, but the chicken pot pie was a bit dry.'),
(15, 5, 'The empanadas were delicious, perfect for appetizers.');
(16, 4, 'Tasty food, but could be a bit cheaper.'),
(17, 5, 'Excellent service and food quality.'),
(18, 4, 'Enjoyed the meal, but it arrived slightly cold.'),
(19, 5, 'Delicious food, will recommend to friends.'),
(20, 4, 'Overall good experience, but some dishes were too salty.');
